,date,number_models_case,number_models_death,number_models_hosp,season
0,2020-04-13,0,2,0,2020
0,2020-04-20,0,3,1,2020
0,2020-04-27,0,3,1,2020
0,2020-05-04,0,5,3,2020
0,2020-05-11,0,10,2,2020
0,2020-05-18,0,11,4,2020
0,2020-05-25,0,6,3,2020
0,2020-06-01,0,6,3,2020
0,2020-06-08,0,7,4,2020
0,2020-06-15,0,10,3,2020
0,2020-06-22,0,10,3,2020
0,2020-06-29,0,12,4,2020
0,2020-07-06,5,14,4,2020
0,2020-07-13,3,11,3,2020
0,2020-07-20,7,13,3,2020
0,2020-07-27,9,16,3,2020
0,2020-08-03,9,17,3,2020
0,2020-08-10,9,16,3,2020
0,2020-08-17,11,18,3,2020
0,2020-08-24,8,17,4,2020
0,2020-08-31,10,15,3,2020
0,2020-09-07,12,16,3,2020
0,2020-09-14,12,18,3,2020
0,2020-09-21,13,21,5,2020
0,2020-09-28,13,21,5,2020
0,2020-10-05,11,20,3,2020
0,2020-10-12,13,19,4,2020
0,2020-10-19,14,20,3,2020
0,2020-10-26,13,20,5,2020
0,2020-11-02,12,18,3,2020
0,2020-11-09,13,19,3,2020
0,2020-11-16,14,20,4,2020
0,2020-11-23,12,19,5,2020
0,2020-11-30,14,19,4,2020
0,2020-12-07,17,21,4,2020
0,2020-12-14,16,20,4,2020
0,2020-12-21,15,18,4,2020
0,2020-12-28,14,16,4,2020
