,date,number_models,season
0,2022-01-10,18,2021
0,2022-01-17,20,2021
0,2022-01-24,21,2021
0,2022-01-31,22,2021
0,2022-02-07,24,2021
0,2022-02-14,24,2021
0,2022-02-21,23,2021
0,2022-02-28,22,2021
0,2022-03-07,21,2021
0,2022-03-14,22,2021
0,2022-03-21,23,2021
0,2022-03-28,23,2021
0,2022-04-04,21,2021
0,2022-04-11,23,2021
0,2022-04-18,23,2021
0,2022-04-25,23,2021
0,2022-05-02,24,2021
0,2022-05-09,24,2021
0,2022-05-16,23,2021
0,2022-05-23,17,2021
0,2022-05-30,23,2021
0,2022-06-06,21,2021
0,2022-06-13,23,2021
0,2022-06-20,20,2021
