ens_forecast_date,delta,wday
2015-11-02,NA,Mon
2015-11-09,7,Mon
2015-11-16,7,Mon
2015-11-23,7,Mon
2015-12-01,8,Tue
2015-12-07,6,Mon
2015-12-14,7,Mon
2015-12-21,7,Mon
2015-12-30,9,Wed
2016-01-06,7,Wed
2016-01-11,5,Mon
2016-01-18,7,Mon
2016-01-25,7,Mon
2016-02-01,7,Mon
2016-02-08,7,Mon
2016-02-15,7,Mon
2016-02-22,7,Mon
2016-02-29,7,Mon
2016-03-07,7,Mon
2016-03-14,7,Mon
2016-03-21,7,Mon
2016-03-28,7,Mon
2016-04-04,7,Mon
2016-04-11,7,Mon
2016-04-18,7,Mon
2016-04-25,7,Mon
2016-05-02,7,Mon
2016-05-09,7,Mon
2016-05-16,7,Mon
2016-11-07,175,Mon
2016-11-14,7,Mon
2016-11-21,7,Mon
2016-11-28,7,Mon
2016-12-05,7,Mon
2016-12-12,7,Mon
2016-12-19,7,Mon
2016-12-23,4,Fri
2017-01-02,10,Mon
2017-01-09,7,Mon
2017-01-17,8,Tue
2017-01-23,6,Mon
2017-01-30,7,Mon
2017-02-06,7,Mon
2017-02-13,7,Mon
2017-02-21,8,Tue
2017-02-27,6,Mon
2017-03-06,7,Mon
2017-03-14,8,Tue
2017-03-21,7,Tue
2017-03-28,7,Tue
2017-04-04,7,Tue
2017-04-11,7,Tue
2017-04-18,7,Tue
2017-04-24,6,Mon
2017-05-01,7,Mon
2017-05-09,8,Tue
2017-05-15,6,Mon
2017-11-06,175,Mon
2017-11-13,7,Mon
2017-11-20,7,Mon
2017-11-29,9,Wed
2017-12-04,5,Mon
2017-12-11,7,Mon
2017-12-18,7,Mon
2017-12-27,9,Wed
2018-01-03,7,Wed
2018-01-08,5,Mon
2018-01-16,8,Tue
2018-01-22,6,Mon
2018-01-29,7,Mon
2018-02-05,7,Mon
2018-02-12,7,Mon
2018-02-20,8,Tue
2018-02-26,6,Mon
2018-03-05,7,Mon
2018-03-13,8,Tue
2018-03-20,7,Tue
2018-03-26,6,Mon
2018-04-03,8,Tue
2018-04-10,7,Tue
2018-04-17,7,Tue
2018-04-24,7,Tue
2018-05-01,7,Tue
2018-05-08,7,Tue
2018-05-14,6,Mon
2018-10-29,168,Mon
2018-11-04,6,Sun
2018-11-11,7,Sun
2018-11-20,9,Tue
2018-11-27,7,Tue
2018-12-04,7,Tue
2018-12-11,7,Tue
2018-12-18,7,Tue
2018-12-25,7,Tue
2019-01-01,7,Tue
2019-01-08,7,Tue
2019-01-15,7,Tue
2019-01-22,7,Tue
2019-01-29,7,Tue
2019-02-05,7,Tue
2019-02-12,7,Tue
2019-02-20,8,Wed
2019-02-26,6,Tue
2019-03-05,7,Tue
2019-03-12,7,Tue
2019-03-19,7,Tue
2019-03-26,7,Tue
2019-04-02,7,Tue
2019-04-09,7,Tue
2019-04-16,7,Tue
2019-04-23,7,Tue
2019-04-30,7,Tue
2019-05-07,7,Tue
2019-05-14,7,Tue
2019-10-29,168,Tue
2019-11-05,7,Tue
2019-11-13,8,Wed
2019-11-19,6,Tue
2019-11-26,7,Tue
2019-12-04,8,Wed
2019-12-10,6,Tue
2019-12-17,7,Tue
2019-12-24,7,Tue
2019-12-31,7,Tue
2020-01-07,7,Tue
2020-01-14,7,Tue
2020-01-21,7,Tue
2020-01-28,7,Tue
2020-02-04,7,Tue
2020-02-11,7,Tue
2020-02-19,8,Wed
2020-02-25,6,Tue
2020-03-04,8,Wed
2020-03-10,6,Tue