date,number_models,season
EW01,13,2015-2016
EW02,13,2015-2016
EW03,13,2015-2016
EW04,14,2015-2016
EW05,13,2015-2016
EW06,14,2015-2016
EW07,14,2015-2016
EW08,14,2015-2016
EW09,14,2015-2016
EW10,14,2015-2016
EW11,14,2015-2016
EW12,14,2015-2016
EW13,14,2015-2016
EW14,14,2015-2016
EW15,13,2015-2016
EW16,13,2015-2016
EW17,13,2015-2016
EW18,13,2015-2016
EW42,11,2015-2016
EW43,11,2015-2016
EW44,11,2015-2016
EW45,12,2015-2016
EW46,7,2015-2016
EW47,12,2015-2016
EW48,12,2015-2016
EW49,11,2015-2016
EW50,13,2015-2016
EW51,13,2015-2016
EW52,11,2015-2016
EW01,26,2016-2017
EW02,26,2016-2017
EW03,28,2016-2017
EW04,27,2016-2017
EW05,27,2016-2017
EW06,28,2016-2017
EW07,25,2016-2017
EW08,27,2016-2017
EW09,25,2016-2017
EW10,25,2016-2017
EW11,25,2016-2017
EW12,25,2016-2017
EW13,26,2016-2017
EW14,26,2016-2017
EW15,28,2016-2017
EW16,28,2016-2017
EW17,26,2016-2017
EW18,28,2016-2017
EW43,7,2016-2017
EW44,19,2016-2017
EW45,22,2016-2017
EW46,21,2016-2017
EW47,20,2016-2017
EW48,22,2016-2017
EW49,22,2016-2017
EW50,23,2016-2017
EW51,22,2016-2017
EW52,28,2016-2017
EW01,22,2017-2018
EW02,24,2017-2018
EW03,24,2017-2018
EW04,24,2017-2018
EW05,24,2017-2018
EW06,22,2017-2018
EW07,18,2017-2018
EW08,22,2017-2018
EW09,22,2017-2018
EW10,22,2017-2018
EW11,19,2017-2018
EW12,21,2017-2018
EW13,22,2017-2018
EW14,20,2017-2018
EW15,22,2017-2018
EW16,22,2017-2018
EW17,22,2017-2018
EW18,21,2017-2018
EW43,13,2017-2018
EW44,21,2017-2018
EW45,22,2017-2018
EW46,23,2017-2018
EW47,23,2017-2018
EW48,24,2017-2018
EW49,24,2017-2018
EW50,23,2017-2018
EW51,24,2017-2018
EW52,24,2017-2018
EW01,34,2018-2019
EW02,34,2018-2019
EW03,33,2018-2019
EW04,33,2018-2019
EW05,34,2018-2019
EW06,31,2018-2019
EW07,33,2018-2019
EW08,33,2018-2019
EW09,33,2018-2019
EW10,33,2018-2019
EW11,33,2018-2019
EW12,33,2018-2019
EW13,31,2018-2019
EW14,31,2018-2019
EW15,31,2018-2019
EW16,32,2018-2019
EW17,33,2018-2019
EW18,29,2018-2019
EW42,22,2018-2019
EW43,11,2018-2019
EW44,26,2018-2019
EW45,33,2018-2019
EW46,33,2018-2019
EW47,34,2018-2019
EW48,34,2018-2019
EW49,33,2018-2019
EW50,31,2018-2019
EW51,34,2018-2019
EW52,32,2018-2019
EW01,31,2019-2020
EW02,31,2019-2020
EW03,30,2019-2020
EW04,30,2019-2020
EW05,29,2019-2020
EW06,30,2019-2020
EW07,30,2019-2020
EW08,30,2019-2020
EW09,28,2019-2020
EW42,32,2019-2020
EW43,30,2019-2020
EW44,33,2019-2020
EW45,30,2019-2020
EW46,30,2019-2020
EW47,32,2019-2020
EW48,28,2019-2020
EW49,32,2019-2020
EW50,32,2019-2020
EW51,32,2019-2020
EW52,29,2019-2020
2014-10-20,7,2014-2015
2014-10-27,7,2014-2015
2014-11-03,7,2014-2015
2014-11-10,7,2014-2015
2014-11-17,7,2014-2015
2014-11-24,7,2014-2015
2014-12-01,7,2014-2015
2014-12-08,7,2014-2015
2014-12-15,7,2014-2015
2014-12-22,7,2014-2015
2014-12-29,7,2014-2015
2015-01-05,7,2014-2015
2015-01-12,7,2014-2015
2015-01-19,7,2014-2015
2015-01-26,7,2014-2015
2015-02-02,7,2014-2015
2015-02-09,7,2014-2015
2015-02-16,7,2014-2015
2015-02-23,6,2014-2015
2015-03-02,7,2014-2015
2015-03-09,6,2014-2015
2015-03-16,6,2014-2015
2015-03-17,1,2014-2015
2015-03-23,7,2014-2015
2015-03-30,7,2014-2015
2015-04-06,7,2014-2015
2015-04-13,7,2014-2015
2015-04-20,7,2014-2015
2015-04-27,7,2014-2015
2015-05-04,7,2014-2015
2015-05-11,7,2014-2015
2015-05-18,7,2014-2015
2015-05-25,6,2014-2015
